{
  "manifest.json": 1660280240210,
  "Component.js": 1658879365110,
  "utils/locate-reuse-libs.js": 1658879365114,
  "utils/FeedbackAppUtilityFile.js": 1660279446930,
  "model/models.js": 1660278811341,
  "controller/ReviewDetail.controller.js": 1660188879072,
  "controller/PDPlanDetails.controller.js": 1660279446930,
  "controller/Main.controller.js": 1660280170100,
  "controller/BaseController.js": 1660188879072,
  "i18n/i18n.properties": 1660267705930,
  "manifest-bundle.zip": 1660280240233,
  "Component-preload.js": 1660280241015,
  "Component-dbg.js": 1658879365110,
  "utils/FeedbackAppUtilityFile-dbg.js": 1660279446930,
  "model/models-dbg.js": 1660278811341,
  "controller/ReviewDetail-dbg.controller.js": 1660188879072,
  "controller/PDPlanDetails-dbg.controller.js": 1660279446930,
  "controller/Main-dbg.controller.js": 1660280170100,
  "controller/BaseController-dbg.js": 1660188879072,
  "utils/locate-reuse-libs-dbg.js": 1658879365114,
  "view/fragments/RoleDefinition.fragment.xml": 1660190753871,
  "view/fragments/ReviewList.fragment.xml": 1660279446930,
  "view/fragments/PopoverForGraphDisplay.fragment.xml": 1658879365114,
  "view/fragments/PDList.fragment.xml": 1660134820498,
  "view/fragments/NoteDialog.fragment.xml": 1659406387972,
  "view/fragments/GoalSetting.fragment.xml": 1660279446930,
  "view/fragments/EmployeesList.fragment.xml": 1660093148272,
  "view/fragments/CreateNewEntry.fragment.xml": 1660267769002,
  "view/fragments/AnalyticsDisplay.fragment.xml": 1660134820494,
  "view/ReviewDetail.view.xml": 1660190133539,
  "view/PDPlanDetails.view.xml": 1660279446930,
  "view/Main.view.xml": 1660279446930,
  "css/style.css": 1658879365110,
  "index.html": 1658879365110
}