{
  "welcomeFile": "/index.html",
  "authenticationMethod": "route",
  "routes": [  
    {
        "source": "^/user-api/currentUser$",
        "target": "/currentUser",
        "service": "sap-approuter-userapi"
    },
    {
        "source": "^/sap/(.*)$",
        "target": "/sap/$1",
        "destination": "abap-cloud-abap-env-instance-grow-think180-pty-ltd_t180-cf-4zbut8mq-dev",
        "authenticationType": "xsuaa",
        "csrfProtection": false
      },
      {
        "source": "^/resources/(.*)$",
        "target": "/resources/$1",
        "authenticationType": "none",
        "destination": "ui5"
      },
      {
        "source": "^/test-resources/(.*)$",
        "target": "/test-resources/$1",
        "authenticationType": "none",
        "destination": "ui5"
      },
      {
        "source": "^(.*)$",
        "target": "$1",
        "service": "html5-apps-repo-rt",
        "authenticationType": "xsuaa"
      }

  ]
}
